<?xml version="1.0" encoding="UTF-8"?>
<EntityDescriptor xmlns="urn:oasis:names:tc:SAML:2.0:metadata"
                  entityID="https://accounts.google.com/o/saml2?idpid=C03ccq3dq">
  <IDPSSODescriptor WantAuthnRequestsSigned="true" protocolSupportEnumeration="urn:oasis:names:tc:SAML:2.0:protocol">
    <KeyDescriptor use="signing">
      <KeyInfo xmlns="http://www.w3.org/2000/09/xmldsig#">
        <X509Data>
          <X509Certificate>
MIIDdjCCA...TRONQUÉ...FDASBgNVBAoT
          </X509Certificate>
        </X509Data>
      </KeyInfo>
    </KeyDescriptor>
    <SingleSignOnService Binding="urn:oasis:names:tc:SAML:2.0:bindings:HTTP-Redirect"
                         Location="https://accounts.google.com/o/saml2/idp?idpid=C03ccq3dq"/>
  </IDPSSODescriptor>
</EntityDescriptor>
